location_id,latitude,longitude,elevation,utc_offset_seconds,timezone,timezone_abbreviation
0,-20.208336,-40.20833,28.0,-10800,America/Sao_Paulo,GMT-3
1,-20.041668,-40.041656,2.0,-10800,America/Sao_Paulo,GMT-3
2,-20.791668,-40.541656,5.0,-10800,America/Sao_Paulo,GMT-3
3,-20.375,-40.20833,4.0,-10800,America/Sao_Paulo,GMT-3

location_id,time,wave_height (m),wave_direction (°),wave_period (s),wave_peak_period (undefined)
0,2026-09-26T00:00,0.84,137,9.10,NaN
0,2026-09-26T01:00,0.84,137,9.05,NaN
0,2026-09-26T02:00,0.82,136,9.00,NaN
0,2026-09-26T03:00,0.82,136,8.95,NaN
0,2026-09-26T04:00,0.82,136,8.95,NaN
0,2026-09-26T05:00,0.80,135,8.90,NaN
0,2026-09-26T06:00,0.80,135,8.90,NaN
0,2026-09-26T07:00,0.80,134,8.85,NaN
0,2026-09-26T08:00,0.78,134,8.80,NaN
0,2026-09-26T09:00,0.78,133,8.75,NaN
0,2026-09-26T10:00,0.78,131,8.65,NaN
0,2026-09-26T11:00,0.78,129,8.55,NaN
0,2026-09-26T12:00,0.78,127,8.35,NaN
0,2026-09-26T13:00,0.80,122,8.05,NaN
0,2026-09-26T14:00,0.80,117,7.65,NaN
0,2026-09-26T15:00,0.82,112,7.35,NaN
0,2026-09-26T16:00,0.82,109,7.10,NaN
0,2026-09-26T17:00,0.84,105,6.90,NaN
0,2026-09-26T18:00,0.84,102,6.80,NaN
0,2026-09-26T19:00,0.82,102,6.80,NaN
0,2026-09-26T20:00,0.82,102,6.85,NaN
0,2026-09-26T21:00,0.80,102,6.90,NaN
0,2026-09-26T22:00,0.78,103,6.95,NaN
0,2026-09-26T23:00,0.74,105,7.05,NaN
0,2026-09-27T00:00,0.72,106,7.10,NaN
0,2026-09-27T01:00,0.70,106,7.10,NaN
0,2026-09-27T02:00,0.70,106,7.10,NaN
0,2026-09-27T03:00,0.68,106,7.10,NaN
0,2026-09-27T04:00,0.68,105,7.05,NaN
0,2026-09-27T05:00,0.66,105,7.05,NaN
0,2026-09-27T06:00,0.66,104,7.00,NaN
0,2026-09-27T07:00,0.66,103,7.00,NaN
0,2026-09-27T08:00,0.64,103,7.00,NaN
0,2026-09-27T09:00,0.64,102,6.95,NaN
0,2026-09-27T10:00,0.64,101,6.85,NaN
0,2026-09-27T11:00,0.64,99,6.75,NaN
0,2026-09-27T12:00,0.64,98,6.60,NaN
0,2026-09-27T13:00,0.64,96,6.40,NaN
0,2026-09-27T14:00,0.66,95,6.15,NaN
0,2026-09-27T15:00,0.66,93,6.00,NaN
0,2026-09-27T16:00,0.66,92,5.90,NaN
0,2026-09-27T17:00,0.68,90,5.90,NaN
0,2026-09-27T18:00,0.68,89,5.90,NaN
0,2026-09-27T19:00,0.68,89,5.90,NaN
0,2026-09-27T20:00,0.66,90,5.90,NaN
0,2026-09-27T21:00,0.66,90,5.95,NaN
0,2026-09-27T22:00,0.64,90,5.95,NaN
0,2026-09-27T23:00,0.64,90,6.00,NaN
0,2026-09-28T00:00,0.62,90,6.05,NaN
0,2026-09-28T01:00,0.60,91,6.10,NaN
0,2026-09-28T02:00,0.60,91,6.20,NaN
0,2026-09-28T03:00,0.58,92,6.30,NaN
0,2026-09-28T04:00,0.56,93,6.40,NaN
0,2026-09-28T05:00,0.56,93,6.45,NaN
0,2026-09-28T06:00,0.54,94,6.55,NaN
0,2026-09-28T07:00,0.54,94,6.65,NaN
0,2026-09-28T08:00,0.52,95,6.75,NaN
0,2026-09-28T09:00,0.52,95,6.75,NaN
0,2026-09-28T10:00,0.54,94,6.70,NaN
0,2026-09-28T11:00,0.54,93,6.60,NaN
0,2026-09-28T12:00,0.56,92,6.40,NaN
0,2026-09-28T13:00,0.60,88,6.00,NaN
0,2026-09-28T14:00,0.66,84,5.45,NaN
0,2026-09-28T15:00,0.70,80,5.10,NaN
0,2026-09-28T16:00,0.72,79,5.05,NaN
0,2026-09-28T17:00,0.74,78,5.15,NaN
0,2026-09-28T18:00,0.76,77,5.25,NaN
0,2026-09-28T19:00,0.76,77,5.30,NaN
0,2026-09-28T20:00,0.74,78,5.40,NaN
0,2026-09-28T21:00,0.74,78,5.45,NaN
0,2026-09-28T22:00,0.72,79,5.55,NaN
0,2026-09-28T23:00,0.72,79,5.60,NaN
0,2026-09-29T00:00,0.70,80,5.70,NaN
0,2026-09-29T01:00,0.68,80,5.75,NaN
0,2026-09-29T02:00,0.68,80,5.80,NaN
0,2026-09-29T03:00,0.66,80,5.85,NaN
0,2026-09-29T04:00,0.66,80,5.90,NaN
0,2026-09-29T05:00,0.66,79,5.95,NaN
0,2026-09-29T06:00,0.66,79,5.95,NaN
0,2026-09-29T07:00,0.66,78,5.95,NaN
0,2026-09-29T08:00,0.66,77,5.90,NaN
0,2026-09-29T09:00,0.66,76,5.80,NaN
0,2026-09-29T10:00,0.68,74,5.70,NaN
0,2026-09-29T11:00,0.70,73,5.55,NaN
0,2026-09-29T12:00,0.72,71,5.40,NaN
0,2026-09-29T13:00,0.78,70,5.25,NaN
0,2026-09-29T14:00,0.86,70,5.10,NaN
0,2026-09-29T15:00,0.92,69,5.00,NaN
0,2026-09-29T16:00,0.94,69,5.05,NaN
0,2026-09-29T17:00,0.96,68,5.15,NaN
0,2026-09-29T18:00,0.98,68,5.25,NaN
0,2026-09-29T19:00,0.96,69,5.35,NaN
0,2026-09-29T20:00,0.92,71,5.45,NaN
0,2026-09-29T21:00,0.90,72,5.55,NaN
0,2026-09-29T22:00,0.88,72,5.60,NaN
0,2026-09-29T23:00,0.88,73,5.65,NaN
0,2026-09-30T00:00,0.86,73,5.65,NaN
0,2026-09-30T01:00,0.86,73,5.70,NaN
0,2026-09-30T02:00,0.86,72,5.70,NaN
0,2026-09-30T03:00,0.86,72,5.70,NaN
0,2026-09-30T04:00,0.86,71,5.70,NaN
0,2026-09-30T05:00,0.86,70,5.65,NaN
0,2026-09-30T06:00,0.86,69,5.60,NaN
0,2026-09-30T07:00,0.88,66,5.50,NaN
0,2026-09-30T08:00,0.88,63,5.35,NaN
0,2026-09-30T09:00,0.90,60,5.30,NaN
0,2026-09-30T10:00,0.90,60,5.35,NaN
0,2026-09-30T11:00,0.88,60,5.45,NaN
0,2026-09-30T12:00,0.88,60,5.50,NaN
0,2026-09-30T13:00,0.92,61,5.45,NaN
0,2026-09-30T14:00,0.98,61,5.40,NaN
0,2026-09-30T15:00,1.02,62,5.35,NaN
0,2026-09-30T16:00,1.04,62,5.40,NaN
0,2026-09-30T17:00,1.08,63,5.50,NaN
0,2026-09-30T18:00,1.10,63,5.60,NaN
0,2026-09-30T19:00,1.08,64,5.70,NaN
0,2026-09-30T20:00,1.04,64,5.75,NaN
0,2026-09-30T21:00,1.02,65,5.85,NaN
0,2026-09-30T22:00,1.02,65,5.95,NaN
0,2026-09-30T23:00,1.00,65,6.05,NaN
0,2026-10-01T00:00,1.00,65,6.10,NaN
0,2026-10-01T01:00,1.02,64,6.10,NaN
0,2026-10-01T02:00,1.02,64,6.10,NaN
0,2026-10-01T03:00,1.04,63,6.10,NaN
0,2026-10-01T04:00,1.04,63,6.15,NaN
0,2026-10-01T05:00,1.02,63,6.15,NaN
0,2026-10-01T06:00,1.02,63,6.20,NaN
0,2026-10-01T07:00,1.02,63,6.20,NaN
0,2026-10-01T08:00,1.00,62,6.20,NaN
0,2026-10-01T09:00,1.00,62,6.15,NaN
0,2026-10-01T10:00,1.00,61,6.10,NaN
0,2026-10-01T11:00,1.02,60,6.05,NaN
0,2026-10-01T12:00,1.02,59,6.00,NaN
0,2026-10-01T13:00,1.06,60,5.95,NaN
0,2026-10-01T14:00,1.08,60,5.95,NaN
0,2026-10-01T15:00,1.12,61,5.95,NaN
0,2026-10-01T16:00,1.14,61,5.95,NaN
0,2026-10-01T17:00,1.16,60,5.95,NaN
0,2026-10-01T18:00,1.18,60,6.00,NaN
0,2026-10-01T19:00,1.14,61,6.10,NaN
0,2026-10-01T20:00,1.08,62,6.25,NaN
0,2026-10-01T21:00,1.04,63,6.35,NaN
0,2026-10-01T22:00,1.00,65,6.45,NaN
0,2026-10-01T23:00,0.94,66,6.50,NaN
0,2026-10-02T00:00,0.90,68,6.55,NaN
0,2026-10-02T01:00,0.88,69,6.65,NaN
0,2026-10-02T02:00,0.84,71,6.70,NaN
0,2026-10-02T03:00,0.82,72,6.65,NaN
0,2026-10-02T04:00,0.82,84,6.40,NaN
0,2026-10-02T05:00,0.82,95,6.10,NaN
0,2026-10-02T06:00,0.82,107,5.80,NaN
0,2026-10-02T07:00,0.84,119,5.60,NaN
0,2026-10-02T08:00,0.84,132,5.45,NaN
0,2026-10-02T09:00,0.86,144,5.30,NaN
0,2026-10-02T10:00,0.88,147,5.20,NaN
0,2026-10-02T11:00,0.88,149,5.15,NaN
0,2026-10-02T12:00,0.90,152,5.10,NaN
0,2026-10-02T13:00,0.92,152,5.05,NaN
0,2026-10-02T14:00,0.92,152,5.00,NaN
0,2026-10-02T15:00,0.94,152,5.00,NaN
0,2026-10-02T16:00,0.92,148,5.05,NaN
0,2026-10-02T17:00,0.92,145,5.15,NaN
0,2026-10-02T18:00,0.90,141,5.20,NaN
0,2026-10-02T19:00,0.88,137,5.25,NaN
0,2026-10-02T20:00,0.88,134,5.30,NaN
0,2026-10-02T21:00,0.86,130,5.35,NaN
0,2026-10-02T22:00,0.86,128,5.35,NaN
0,2026-10-02T23:00,0.84,125,5.40,NaN
1,2026-09-26T00:00,1.24,148,10.00,NaN
1,2026-09-26T01:00,1.24,147,9.95,NaN
1,2026-09-26T02:00,1.22,147,9.85,NaN
1,2026-09-26T03:00,1.22,146,9.75,NaN
1,2026-09-26T04:00,1.20,145,9.70,NaN
1,2026-09-26T05:00,1.20,145,9.60,NaN
1,2026-09-26T06:00,1.18,144,9.55,NaN
1,2026-09-26T07:00,1.18,143,9.50,NaN
1,2026-09-26T08:00,1.16,142,9.45,NaN
1,2026-09-26T09:00,1.16,141,9.35,NaN
1,2026-09-26T10:00,1.16,140,9.25,NaN
1,2026-09-26T11:00,1.14,138,9.15,NaN
1,2026-09-26T12:00,1.14,137,8.95,NaN
1,2026-09-26T13:00,1.16,130,8.55,NaN
1,2026-09-26T14:00,1.18,124,8.10,NaN
1,2026-09-26T15:00,1.20,117,7.70,NaN
1,2026-09-26T16:00,1.22,112,7.45,NaN
1,2026-09-26T17:00,1.22,108,7.20,NaN
1,2026-09-26T18:00,1.24,103,7.10,NaN
1,2026-09-26T19:00,1.22,104,7.10,NaN
1,2026-09-26T20:00,1.18,105,7.15,NaN
1,2026-09-26T21:00,1.16,106,7.20,NaN
1,2026-09-26T22:00,1.12,107,7.25,NaN
1,2026-09-26T23:00,1.08,109,7.30,NaN
1,2026-09-27T00:00,1.04,110,7.35,NaN
1,2026-09-27T01:00,1.02,110,7.35,NaN
1,2026-09-27T02:00,1.00,110,7.35,NaN
1,2026-09-27T03:00,0.98,110,7.35,NaN
1,2026-09-27T04:00,0.98,109,7.30,NaN
1,2026-09-27T05:00,0.96,107,7.15,NaN
1,2026-09-27T06:00,0.96,106,7.10,NaN
1,2026-09-27T07:00,0.94,106,7.10,NaN
1,2026-09-27T08:00,0.94,105,7.10,NaN
1,2026-09-27T09:00,0.92,105,7.10,NaN
1,2026-09-27T10:00,0.92,104,7.00,NaN
1,2026-09-27T11:00,0.92,102,6.85,NaN
1,2026-09-27T12:00,0.92,101,6.70,NaN
1,2026-09-27T13:00,0.96,97,6.45,NaN
1,2026-09-27T14:00,0.98,93,6.20,NaN
1,2026-09-27T15:00,1.02,89,6.00,NaN
1,2026-09-27T16:00,1.02,88,5.90,NaN
1,2026-09-27T17:00,1.02,87,5.90,NaN
1,2026-09-27T18:00,1.02,86,5.90,NaN
1,2026-09-27T19:00,1.00,86,5.95,NaN
1,2026-09-27T20:00,0.98,87,6.00,NaN
1,2026-09-27T21:00,0.96,87,6.05,NaN
1,2026-09-27T22:00,0.94,88,6.10,NaN
1,2026-09-27T23:00,0.90,90,6.15,NaN
1,2026-09-28T00:00,0.88,91,6.25,NaN
1,2026-09-28T01:00,0.86,92,6.35,NaN
1,2026-09-28T02:00,0.84,94,6.50,NaN
1,2026-09-28T03:00,0.82,95,6.60,NaN
1,2026-09-28T04:00,0.80,96,6.70,NaN
1,2026-09-28T05:00,0.80,96,6.75,NaN
1,2026-09-28T06:00,0.78,97,6.80,NaN
1,2026-09-28T07:00,0.78,97,6.90,NaN
1,2026-09-28T08:00,0.76,96,6.95,NaN
1,2026-09-28T09:00,0.76,96,6.95,NaN
1,2026-09-28T10:00,0.78,94,6.85,NaN
1,2026-09-28T11:00,0.78,93,6.75,NaN
1,2026-09-28T12:00,0.80,91,6.50,NaN
1,2026-09-28T13:00,0.86,86,6.10,NaN
1,2026-09-28T14:00,0.94,81,5.65,NaN
1,2026-09-28T15:00,1.00,76,5.30,NaN
1,2026-09-28T16:00,1.04,74,5.20,NaN
1,2026-09-28T17:00,1.06,73,5.20,NaN
1,2026-09-28T18:00,1.10,71,5.25,NaN
1,2026-09-28T19:00,1.08,72,5.35,NaN
1,2026-09-28T20:00,1.06,72,5.45,NaN
1,2026-09-28T21:00,1.04,73,5.55,NaN
1,2026-09-28T22:00,1.02,74,5.60,NaN
1,2026-09-28T23:00,1.00,75,5.70,NaN
1,2026-09-29T00:00,0.98,76,5.75,NaN
1,2026-09-29T01:00,0.98,76,5.85,NaN
1,2026-09-29T02:00,0.96,77,5.90,NaN
1,2026-09-29T03:00,0.96,77,6.00,NaN
1,2026-09-29T04:00,0.94,78,6.10,NaN
1,2026-09-29T05:00,0.94,78,6.20,NaN
1,2026-09-29T06:00,0.92,79,6.25,NaN
1,2026-09-29T07:00,0.92,79,6.30,NaN
1,2026-09-29T08:00,0.90,78,6.35,NaN
1,2026-09-29T09:00,0.90,78,6.35,NaN
1,2026-09-29T10:00,0.92,78,6.35,NaN
1,2026-09-29T11:00,0.96,79,6.25,NaN
1,2026-09-29T12:00,0.98,79,6.15,NaN
1,2026-09-29T13:00,1.08,76,5.90,NaN
1,2026-09-29T14:00,1.20,73,5.60,NaN
1,2026-09-29T15:00,1.30,70,5.40,NaN
1,2026-09-29T16:00,1.32,69,5.35,NaN
1,2026-09-29T17:00,1.34,68,5.40,NaN
1,2026-09-29T18:00,1.36,67,5.50,NaN
1,2026-09-29T19:00,1.34,68,5.60,NaN
1,2026-09-29T20:00,1.30,70,5.70,NaN
1,2026-09-29T21:00,1.28,71,5.75,NaN
1,2026-09-29T22:00,1.28,71,5.80,NaN
1,2026-09-29T23:00,1.26,70,5.80,NaN
1,2026-09-30T00:00,1.26,70,5.80,NaN
1,2026-09-30T01:00,1.26,70,5.85,NaN
1,2026-09-30T02:00,1.26,70,5.85,NaN
1,2026-09-30T03:00,1.26,70,5.90,NaN
1,2026-09-30T04:00,1.24,70,5.95,NaN
1,2026-09-30T05:00,1.22,70,5.95,NaN
1,2026-09-30T06:00,1.20,70,5.95,NaN
1,2026-09-30T07:00,1.22,67,5.85,NaN
1,2026-09-30T08:00,1.22,64,5.75,NaN
1,2026-09-30T09:00,1.24,61,5.70,NaN
1,2026-09-30T10:00,1.24,62,5.75,NaN
1,2026-09-30T11:00,1.24,62,5.85,NaN
1,2026-09-30T12:00,1.24,63,5.90,NaN
1,2026-09-30T13:00,1.32,62,5.80,NaN
1,2026-09-30T14:00,1.40,62,5.70,NaN
1,2026-09-30T15:00,1.48,61,5.60,NaN
1,2026-09-30T16:00,1.52,60,5.60,NaN
1,2026-09-30T17:00,1.54,59,5.70,NaN
1,2026-09-30T18:00,1.58,58,5.75,NaN
1,2026-09-30T19:00,1.54,59,5.85,NaN
1,2026-09-30T20:00,1.52,59,5.90,NaN
1,2026-09-30T21:00,1.48,60,6.00,NaN
1,2026-09-30T22:00,1.48,60,6.10,NaN
1,2026-09-30T23:00,1.46,60,6.20,NaN
1,2026-10-01T00:00,1.46,60,6.25,NaN
1,2026-10-01T01:00,1.48,59,6.30,NaN
1,2026-10-01T02:00,1.48,59,6.30,NaN
1,2026-10-01T03:00,1.50,58,6.30,NaN
1,2026-10-01T04:00,1.48,58,6.35,NaN
1,2026-10-01T05:00,1.48,58,6.35,NaN
1,2026-10-01T06:00,1.46,58,6.40,NaN
1,2026-10-01T07:00,1.46,58,6.40,NaN
1,2026-10-01T08:00,1.44,57,6.45,NaN
1,2026-10-01T09:00,1.44,57,6.45,NaN
1,2026-10-01T10:00,1.44,57,6.45,NaN
1,2026-10-01T11:00,1.42,57,6.50,NaN
1,2026-10-01T12:00,1.42,57,6.45,NaN
1,2026-10-01T13:00,1.50,57,6.35,NaN
1,2026-10-01T14:00,1.58,56,6.20,NaN
1,2026-10-01T15:00,1.66,56,6.10,NaN
1,2026-10-01T16:00,1.68,55,6.05,NaN
1,2026-10-01T17:00,1.68,55,6.05,NaN
1,2026-10-01T18:00,1.70,54,6.10,NaN
1,2026-10-01T19:00,1.64,55,6.15,NaN
1,2026-10-01T20:00,1.58,56,6.25,NaN
1,2026-10-01T21:00,1.52,57,6.35,NaN
1,2026-10-01T22:00,1.46,58,6.40,NaN
1,2026-10-01T23:00,1.40,60,6.50,NaN
1,2026-10-02T00:00,1.34,61,6.55,NaN
1,2026-10-02T01:00,1.28,62,6.65,NaN
1,2026-10-02T02:00,1.24,63,6.70,NaN
1,2026-10-02T03:00,1.18,64,6.70,NaN
1,2026-10-02T04:00,1.16,72,6.55,NaN
1,2026-10-02T05:00,1.16,81,6.35,NaN
1,2026-10-02T06:00,1.14,89,6.15,NaN
1,2026-10-02T07:00,1.18,107,5.95,NaN
1,2026-10-02T08:00,1.20,124,5.80,NaN
1,2026-10-02T09:00,1.24,142,5.65,NaN
1,2026-10-02T10:00,1.26,147,5.55,NaN
1,2026-10-02T11:00,1.30,151,5.55,NaN
1,2026-10-02T12:00,1.32,156,5.50,NaN
1,2026-10-02T13:00,1.36,157,5.45,NaN
1,2026-10-02T14:00,1.38,157,5.40,NaN
1,2026-10-02T15:00,1.42,158,5.40,NaN
1,2026-10-02T16:00,1.40,155,5.40,NaN
1,2026-10-02T17:00,1.38,153,5.40,NaN
1,2026-10-02T18:00,1.36,150,5.45,NaN
1,2026-10-02T19:00,1.32,146,5.50,NaN
1,2026-10-02T20:00,1.30,142,5.50,NaN
1,2026-10-02T21:00,1.26,138,5.55,NaN
1,2026-10-02T22:00,1.24,135,5.55,NaN
1,2026-10-02T23:00,1.24,133,5.55,NaN
2,2026-09-26T00:00,0.94,138,8.95,NaN
2,2026-09-26T01:00,0.92,137,8.95,NaN
2,2026-09-26T02:00,0.92,137,8.95,NaN
2,2026-09-26T03:00,0.90,136,8.95,NaN
2,2026-09-26T04:00,0.88,136,8.95,NaN
2,2026-09-26T05:00,0.88,137,9.00,NaN
2,2026-09-26T06:00,0.86,137,9.00,NaN
2,2026-09-26T07:00,0.84,137,9.05,NaN
2,2026-09-26T08:00,0.84,136,9.05,NaN
2,2026-09-26T09:00,0.82,136,9.05,NaN
2,2026-09-26T10:00,0.82,134,8.95,NaN
2,2026-09-26T11:00,0.80,133,8.75,NaN
2,2026-09-26T12:00,0.80,131,8.55,NaN
2,2026-09-26T13:00,0.80,128,8.30,NaN
2,2026-09-26T14:00,0.82,125,8.05,NaN
2,2026-09-26T15:00,0.82,122,7.80,NaN
2,2026-09-26T16:00,0.82,121,7.65,NaN
2,2026-09-26T17:00,0.80,121,7.60,NaN
2,2026-09-26T18:00,0.80,120,7.50,NaN
2,2026-09-26T19:00,0.80,119,7.40,NaN
2,2026-09-26T20:00,0.78,117,7.25,NaN
2,2026-09-26T21:00,0.78,116,7.15,NaN
2,2026-09-26T22:00,0.78,115,7.10,NaN
2,2026-09-26T23:00,0.76,114,7.05,NaN
2,2026-09-27T00:00,0.76,113,7.00,NaN
2,2026-09-27T01:00,0.74,113,7.00,NaN
2,2026-09-27T02:00,0.72,114,7.00,NaN
2,2026-09-27T03:00,0.70,114,7.00,NaN
2,2026-09-27T04:00,0.68,113,7.00,NaN
2,2026-09-27T05:00,0.68,113,6.95,NaN
2,2026-09-27T06:00,0.66,112,6.95,NaN
2,2026-09-27T07:00,0.66,112,6.95,NaN
2,2026-09-27T08:00,0.64,112,7.00,NaN
2,2026-09-27T09:00,0.64,112,7.00,NaN
2,2026-09-27T10:00,0.64,111,6.95,NaN
2,2026-09-27T11:00,0.62,110,6.85,NaN
2,2026-09-27T12:00,0.62,109,6.75,NaN
2,2026-09-27T13:00,0.62,107,6.60,NaN
2,2026-09-27T14:00,0.62,105,6.40,NaN
2,2026-09-27T15:00,0.62,103,6.25,NaN
2,2026-09-27T16:00,0.62,103,6.20,NaN
2,2026-09-27T17:00,0.60,104,6.25,NaN
2,2026-09-27T18:00,0.60,104,6.25,NaN
2,2026-09-27T19:00,0.60,104,6.20,NaN
2,2026-09-27T20:00,0.58,103,6.15,NaN
2,2026-09-27T21:00,0.58,103,6.10,NaN
2,2026-09-27T22:00,0.58,102,6.05,NaN
2,2026-09-27T23:00,0.58,101,6.00,NaN
2,2026-09-28T00:00,0.58,100,6.00,NaN
2,2026-09-28T01:00,0.58,100,6.00,NaN
2,2026-09-28T02:00,0.56,100,6.00,NaN
2,2026-09-28T03:00,0.56,100,6.05,NaN
2,2026-09-28T04:00,0.54,100,6.10,NaN
2,2026-09-28T05:00,0.54,101,6.20,NaN
2,2026-09-28T06:00,0.52,101,6.25,NaN
2,2026-09-28T07:00,0.52,101,6.35,NaN
2,2026-09-28T08:00,0.52,101,6.40,NaN
2,2026-09-28T09:00,0.52,101,6.35,NaN
2,2026-09-28T10:00,0.54,97,6.10,NaN
2,2026-09-28T11:00,0.58,94,5.70,NaN
2,2026-09-28T12:00,0.60,90,5.35,NaN
2,2026-09-28T13:00,0.62,87,5.15,NaN
2,2026-09-28T14:00,0.66,85,5.00,NaN
2,2026-09-28T15:00,0.68,82,4.90,NaN
2,2026-09-28T16:00,0.70,81,4.85,NaN
2,2026-09-28T17:00,0.70,80,4.90,NaN
2,2026-09-28T18:00,0.72,79,4.90,NaN
2,2026-09-28T19:00,0.74,79,4.90,NaN
2,2026-09-28T20:00,0.76,78,4.90,NaN
2,2026-09-28T21:00,0.78,78,4.95,NaN
2,2026-09-28T22:00,0.78,78,5.00,NaN
2,2026-09-28T23:00,0.78,77,5.10,NaN
2,2026-09-29T00:00,0.78,77,5.15,NaN
2,2026-09-29T01:00,0.80,76,5.15,NaN
2,2026-09-29T02:00,0.80,74,5.15,NaN
2,2026-09-29T03:00,0.82,73,5.15,NaN
2,2026-09-29T04:00,0.82,72,5.15,NaN
2,2026-09-29T05:00,0.84,71,5.20,NaN
2,2026-09-29T06:00,0.84,70,5.25,NaN
2,2026-09-29T07:00,0.82,71,5.35,NaN
2,2026-09-29T08:00,0.82,72,5.50,NaN
2,2026-09-29T09:00,0.80,73,5.55,NaN
2,2026-09-29T10:00,0.80,74,5.55,NaN
2,2026-09-29T11:00,0.82,75,5.50,NaN
2,2026-09-29T12:00,0.82,76,5.40,NaN
2,2026-09-29T13:00,0.88,75,5.25,NaN
2,2026-09-29T14:00,0.92,73,5.05,NaN
2,2026-09-29T15:00,0.98,72,4.95,NaN
2,2026-09-29T16:00,1.02,71,4.95,NaN
2,2026-09-29T17:00,1.08,70,5.05,NaN
2,2026-09-29T18:00,1.12,69,5.10,NaN
2,2026-09-29T19:00,1.14,68,5.15,NaN
2,2026-09-29T20:00,1.14,67,5.20,NaN
2,2026-09-29T21:00,1.16,66,5.25,NaN
2,2026-09-29T22:00,1.16,65,5.25,NaN
2,2026-09-29T23:00,1.16,63,5.20,NaN
2,2026-09-30T00:00,1.16,62,5.15,NaN
2,2026-09-30T01:00,1.16,62,5.15,NaN
2,2026-09-30T02:00,1.14,62,5.20,NaN
2,2026-09-30T03:00,1.14,62,5.20,NaN
2,2026-09-30T04:00,1.14,61,5.20,NaN
2,2026-09-30T05:00,1.14,61,5.20,NaN
2,2026-09-30T06:00,1.14,60,5.20,NaN
2,2026-09-30T07:00,1.10,61,5.25,NaN
2,2026-09-30T08:00,1.08,62,5.35,NaN
2,2026-09-30T09:00,1.04,63,5.45,NaN
2,2026-09-30T10:00,1.04,64,5.50,NaN
2,2026-09-30T11:00,1.04,64,5.50,NaN
2,2026-09-30T12:00,1.04,65,5.50,NaN
2,2026-09-30T13:00,1.08,65,5.45,NaN
2,2026-09-30T14:00,1.12,65,5.40,NaN
2,2026-09-30T15:00,1.16,65,5.40,NaN
2,2026-09-30T16:00,1.18,65,5.45,NaN
2,2026-09-30T17:00,1.22,64,5.55,NaN
2,2026-09-30T18:00,1.24,64,5.60,NaN
2,2026-09-30T19:00,1.22,64,5.65,NaN
2,2026-09-30T20:00,1.22,64,5.70,NaN
2,2026-09-30T21:00,1.20,64,5.75,NaN
2,2026-09-30T22:00,1.18,64,5.85,NaN
2,2026-09-30T23:00,1.18,65,5.90,NaN
2,2026-10-01T00:00,1.16,65,6.00,NaN
2,2026-10-01T01:00,1.14,66,6.10,NaN
2,2026-10-01T02:00,1.14,66,6.15,NaN
2,2026-10-01T03:00,1.12,67,6.20,NaN
2,2026-10-01T04:00,1.12,67,6.25,NaN
2,2026-10-01T05:00,1.12,67,6.25,NaN
2,2026-10-01T06:00,1.12,67,6.25,NaN
2,2026-10-01T07:00,1.12,67,6.25,NaN
2,2026-10-01T08:00,1.12,66,6.20,NaN
2,2026-10-01T09:00,1.12,66,6.20,NaN
2,2026-10-01T10:00,1.12,66,6.20,NaN
2,2026-10-01T11:00,1.10,66,6.25,NaN
2,2026-10-01T12:00,1.10,66,6.25,NaN
2,2026-10-01T13:00,1.14,65,6.15,NaN
2,2026-10-01T14:00,1.20,64,6.05,NaN
2,2026-10-01T15:00,1.24,63,5.95,NaN
2,2026-10-01T16:00,1.22,63,5.95,NaN
2,2026-10-01T17:00,1.22,62,6.00,NaN
2,2026-10-01T18:00,1.20,62,6.05,NaN
2,2026-10-01T19:00,1.14,64,6.20,NaN
2,2026-10-01T20:00,1.08,65,6.35,NaN
2,2026-10-01T21:00,1.02,67,6.45,NaN
2,2026-10-01T22:00,0.98,74,6.40,NaN
2,2026-10-01T23:00,0.92,82,6.30,NaN
2,2026-10-02T00:00,0.88,89,6.20,NaN
2,2026-10-02T01:00,0.86,95,6.15,NaN
2,2026-10-02T02:00,0.84,101,6.15,NaN
2,2026-10-02T03:00,0.82,107,6.10,NaN
2,2026-10-02T04:00,0.82,115,6.00,NaN
2,2026-10-02T05:00,0.80,122,5.90,NaN
2,2026-10-02T06:00,0.80,130,5.80,NaN
2,2026-10-02T07:00,0.80,137,5.65,NaN
2,2026-10-02T08:00,0.82,145,5.50,NaN
2,2026-10-02T09:00,0.82,152,5.40,NaN
2,2026-10-02T10:00,0.82,153,5.30,NaN
2,2026-10-02T11:00,0.82,153,5.25,NaN
2,2026-10-02T12:00,0.82,154,5.20,NaN
2,2026-10-02T13:00,0.82,153,5.15,NaN
2,2026-10-02T14:00,0.84,153,5.15,NaN
2,2026-10-02T15:00,0.84,152,5.15,NaN
2,2026-10-02T16:00,0.84,150,5.20,NaN
2,2026-10-02T17:00,0.84,148,5.25,NaN
2,2026-10-02T18:00,0.84,146,5.30,NaN
2,2026-10-02T19:00,0.84,144,5.35,NaN
2,2026-10-02T20:00,0.82,141,5.35,NaN
2,2026-10-02T21:00,0.82,139,5.40,NaN
2,2026-10-02T22:00,0.82,137,5.40,NaN
2,2026-10-02T23:00,0.82,135,5.45,NaN
3,2026-09-26T00:00,1.22,142,10.00,NaN
3,2026-09-26T01:00,1.20,141,9.95,NaN
3,2026-09-26T02:00,1.20,141,9.90,NaN
3,2026-09-26T03:00,1.18,140,9.80,NaN
3,2026-09-26T04:00,1.16,140,9.75,NaN
3,2026-09-26T05:00,1.16,139,9.65,NaN
3,2026-09-26T06:00,1.14,139,9.60,NaN
3,2026-09-26T07:00,1.12,138,9.55,NaN
3,2026-09-26T08:00,1.12,138,9.50,NaN
3,2026-09-26T09:00,1.10,137,9.35,NaN
3,2026-09-26T10:00,1.10,134,9.10,NaN
3,2026-09-26T11:00,1.12,131,8.85,NaN
3,2026-09-26T12:00,1.12,128,8.55,NaN
3,2026-09-26T13:00,1.12,124,8.25,NaN
3,2026-09-26T14:00,1.12,119,8.00,NaN
3,2026-09-26T15:00,1.12,115,7.75,NaN
3,2026-09-26T16:00,1.12,112,7.55,NaN
3,2026-09-26T17:00,1.12,108,7.35,NaN
3,2026-09-26T18:00,1.12,105,7.25,NaN
3,2026-09-26T19:00,1.10,105,7.20,NaN
3,2026-09-26T20:00,1.08,105,7.20,NaN
3,2026-09-26T21:00,1.06,105,7.20,NaN
3,2026-09-26T22:00,1.04,106,7.25,NaN
3,2026-09-26T23:00,1.00,106,7.30,NaN
3,2026-09-27T00:00,0.98,107,7.30,NaN
3,2026-09-27T01:00,0.96,107,7.25,NaN
3,2026-09-27T02:00,0.94,107,7.20,NaN
3,2026-09-27T03:00,0.92,107,7.15,NaN
3,2026-09-27T04:00,0.90,106,7.10,NaN
3,2026-09-27T05:00,0.90,106,7.10,NaN
3,2026-09-27T06:00,0.88,105,7.05,NaN
3,2026-09-27T07:00,0.88,104,7.05,NaN
3,2026-09-27T08:00,0.86,104,7.00,NaN
3,2026-09-27T09:00,0.86,103,6.95,NaN
3,2026-09-27T10:00,0.86,102,6.85,NaN
3,2026-09-27T11:00,0.86,100,6.70,NaN
3,2026-09-27T12:00,0.86,99,6.60,NaN
3,2026-09-27T13:00,0.86,98,6.50,NaN
3,2026-09-27T14:00,0.84,97,6.40,NaN
3,2026-09-27T15:00,0.84,96,6.35,NaN
3,2026-09-27T16:00,0.84,95,6.30,NaN
3,2026-09-27T17:00,0.84,93,6.25,NaN
3,2026-09-27T18:00,0.84,92,6.20,NaN
3,2026-09-27T19:00,0.84,92,6.15,NaN
3,2026-09-27T20:00,0.82,91,6.15,NaN
3,2026-09-27T21:00,0.82,91,6.15,NaN
3,2026-09-27T22:00,0.82,91,6.15,NaN
3,2026-09-27T23:00,0.80,91,6.15,NaN
3,2026-09-28T00:00,0.80,91,6.20,NaN
3,2026-09-28T01:00,0.78,92,6.25,NaN
3,2026-09-28T02:00,0.76,92,6.35,NaN
3,2026-09-28T03:00,0.74,93,6.45,NaN
3,2026-09-28T04:00,0.72,94,6.55,NaN
3,2026-09-28T05:00,0.72,94,6.60,NaN
3,2026-09-28T06:00,0.70,95,6.70,NaN
3,2026-09-28T07:00,0.70,95,6.80,NaN
3,2026-09-28T08:00,0.68,96,6.85,NaN
3,2026-09-28T09:00,0.68,96,6.85,NaN
3,2026-09-28T10:00,0.70,94,6.75,NaN
3,2026-09-28T11:00,0.70,93,6.55,NaN
3,2026-09-28T12:00,0.72,91,6.30,NaN
3,2026-09-28T13:00,0.78,88,6.00,NaN
3,2026-09-28T14:00,0.82,84,5.65,NaN
3,2026-09-28T15:00,0.88,81,5.40,NaN
3,2026-09-28T16:00,0.92,80,5.35,NaN
3,2026-09-28T17:00,0.94,78,5.40,NaN
3,2026-09-28T18:00,0.98,77,5.45,NaN
3,2026-09-28T19:00,0.98,77,5.50,NaN
3,2026-09-28T20:00,0.98,77,5.50,NaN
3,2026-09-28T21:00,0.98,77,5.55,NaN
3,2026-09-28T22:00,0.98,77,5.60,NaN
3,2026-09-28T23:00,0.96,78,5.70,NaN
3,2026-09-29T00:00,0.96,78,5.75,NaN
3,2026-09-29T01:00,0.96,78,5.80,NaN
3,2026-09-29T02:00,0.94,78,5.85,NaN
3,2026-09-29T03:00,0.94,78,5.90,NaN
3,2026-09-29T04:00,0.94,77,5.90,NaN
3,2026-09-29T05:00,0.94,77,5.95,NaN
3,2026-09-29T06:00,0.94,76,5.95,NaN
3,2026-09-29T07:00,0.94,76,6.00,NaN
3,2026-09-29T08:00,0.92,75,6.05,NaN
3,2026-09-29T09:00,0.92,75,6.05,NaN
3,2026-09-29T10:00,0.96,74,5.95,NaN
3,2026-09-29T11:00,1.00,73,5.75,NaN
3,2026-09-29T12:00,1.04,72,5.60,NaN
3,2026-09-29T13:00,1.10,72,5.50,NaN
3,2026-09-29T14:00,1.16,71,5.45,NaN
3,2026-09-29T15:00,1.22,71,5.40,NaN
3,2026-09-29T16:00,1.26,70,5.40,NaN
3,2026-09-29T17:00,1.32,69,5.40,NaN
3,2026-09-29T18:00,1.36,68,5.45,NaN
3,2026-09-29T19:00,1.32,69,5.55,NaN
3,2026-09-29T20:00,1.30,70,5.60,NaN
3,2026-09-29T21:00,1.26,71,5.70,NaN
3,2026-09-29T22:00,1.24,71,5.75,NaN
3,2026-09-29T23:00,1.22,71,5.75,NaN
3,2026-09-30T00:00,1.20,71,5.75,NaN
3,2026-09-30T01:00,1.20,71,5.75,NaN
3,2026-09-30T02:00,1.18,70,5.75,NaN
3,2026-09-30T03:00,1.18,70,5.75,NaN
3,2026-09-30T04:00,1.18,69,5.75,NaN
3,2026-09-30T05:00,1.18,69,5.75,NaN
3,2026-09-30T06:00,1.18,68,5.75,NaN
3,2026-09-30T07:00,1.20,66,5.70,NaN
3,2026-09-30T08:00,1.22,63,5.60,NaN
3,2026-09-30T09:00,1.24,61,5.55,NaN
3,2026-09-30T10:00,1.24,61,5.55,NaN
3,2026-09-30T11:00,1.26,61,5.60,NaN
3,2026-09-30T12:00,1.26,61,5.65,NaN
3,2026-09-30T13:00,1.32,61,5.60,NaN
3,2026-09-30T14:00,1.38,62,5.55,NaN
3,2026-09-30T15:00,1.44,62,5.50,NaN
3,2026-09-30T16:00,1.46,62,5.55,NaN
3,2026-09-30T17:00,1.50,63,5.65,NaN
3,2026-09-30T18:00,1.52,63,5.75,NaN
3,2026-09-30T19:00,1.50,63,5.80,NaN
3,2026-09-30T20:00,1.46,63,5.90,NaN
3,2026-09-30T21:00,1.44,63,5.95,NaN
3,2026-09-30T22:00,1.42,63,6.05,NaN
3,2026-09-30T23:00,1.40,63,6.15,NaN
3,2026-10-01T00:00,1.38,63,6.20,NaN
3,2026-10-01T01:00,1.40,62,6.20,NaN
3,2026-10-01T02:00,1.42,62,6.15,NaN
3,2026-10-01T03:00,1.44,61,6.15,NaN
3,2026-10-01T04:00,1.44,61,6.20,NaN
3,2026-10-01T05:00,1.42,61,6.25,NaN
3,2026-10-01T06:00,1.42,61,6.30,NaN
3,2026-10-01T07:00,1.42,60,6.30,NaN
3,2026-10-01T08:00,1.42,60,6.25,NaN
3,2026-10-01T09:00,1.42,59,6.20,NaN
3,2026-10-01T10:00,1.44,59,6.15,NaN
3,2026-10-01T11:00,1.44,58,6.10,NaN
3,2026-10-01T12:00,1.46,58,6.05,NaN
3,2026-10-01T13:00,1.50,59,6.05,NaN
3,2026-10-01T14:00,1.52,59,6.05,NaN
3,2026-10-01T15:00,1.56,60,6.05,NaN
3,2026-10-01T16:00,1.60,59,6.05,NaN
3,2026-10-01T17:00,1.62,59,6.00,NaN
3,2026-10-01T18:00,1.66,58,6.05,NaN
3,2026-10-01T19:00,1.58,59,6.15,NaN
3,2026-10-01T20:00,1.50,60,6.30,NaN
3,2026-10-01T21:00,1.42,61,6.40,NaN
3,2026-10-01T22:00,1.34,63,6.50,NaN
3,2026-10-01T23:00,1.26,64,6.55,NaN
3,2026-10-02T00:00,1.18,66,6.60,NaN
3,2026-10-02T01:00,1.16,68,6.60,NaN
3,2026-10-02T02:00,1.12,70,6.60,NaN
3,2026-10-02T03:00,1.10,72,6.55,NaN
3,2026-10-02T04:00,1.10,84,6.40,NaN
3,2026-10-02T05:00,1.10,97,6.15,NaN
3,2026-10-02T06:00,1.10,109,5.95,NaN
3,2026-10-02T07:00,1.10,119,5.85,NaN
3,2026-10-02T08:00,1.10,130,5.75,NaN
3,2026-10-02T09:00,1.10,140,5.70,NaN
3,2026-10-02T10:00,1.10,143,5.65,NaN
3,2026-10-02T11:00,1.12,145,5.55,NaN
3,2026-10-02T12:00,1.12,148,5.50,NaN
3,2026-10-02T13:00,1.14,148,5.45,NaN
3,2026-10-02T14:00,1.14,149,5.40,NaN
3,2026-10-02T15:00,1.16,149,5.40,NaN
3,2026-10-02T16:00,1.14,146,5.40,NaN
3,2026-10-02T17:00,1.14,143,5.45,NaN
3,2026-10-02T18:00,1.12,140,5.50,NaN
3,2026-10-02T19:00,1.12,137,5.55,NaN
3,2026-10-02T20:00,1.10,134,5.55,NaN
3,2026-10-02T21:00,1.10,131,5.60,NaN
3,2026-10-02T22:00,1.08,129,5.60,NaN
3,2026-10-02T23:00,1.08,127,5.65,NaN
